{"coco/bbox_mAP": 0.702, "coco/bbox_mAP_50": 0.805, "coco/bbox_mAP_75": 0.779, "coco/bbox_mAP_s": 0.727, "coco/bbox_mAP_m": 0.843, "coco/bbox_mAP_l": -1.0, "data_time": 0.462124017568735, "time": 0.5209341782789964}